--Script in charge of populating the database

INSERT INTO CONTINENT (Name)
VALUES ('Asia'),
       ('Africa'),
       ('Europe'),
       ('North America'),
       ('South America'),
       ('Oceania'),
       ('Central America');

INSERT INTO COUNTRY (Name, ContinentName, EMail)
VALUES ('Afghanistan', 'Asia', 'afghadm@pdb.com'),
       ('Angola', 'Africa', 'angadm@pdb.com'),
       ('Albania', 'Europe', 'albadm@pdb.com'),
       ('United Arab Emirates', 'Asia', 'uaeadm@pdb.com'),
       ('Argentina', 'South America', 'argadm@pdb.com'),
       ('Armenia', 'Asia', 'armadm@pdb.com'),
       ('Australia', 'Oceania', 'austraadm@pdb.com'),
       ('Austria', 'Europe', 'austriadm@pdb.com'),
       ('Azerbaijan', 'Asia', 'azeradm@pdb.com'),
       ('Burundi', 'Africa', 'buradm@pdb.com'),
       ('Belgium', 'Europe', 'belgadm@pdb.com'),
       ('Benin', 'Africa', 'benadm@pdb.com'),
       ('Burkina Faso', 'Africa', 'bfadm@pdb.com'),
       ('Bangladesh', 'Asia', 'bangadm@pdb.com'),
       ('Bulgaria', 'Europe', 'bulgadm@pdb.com'),
       ('Bahamas', 'North America', 'bahamd@pdb.com'),
       ('Bosnia and Herz.', 'Europe', 'boaheadm@pdb.com'),
       ('Belarus', 'Europe', 'beladm@pdb.com'),
       ('Belize', 'North America', 'beliadm@pdb.com'),
       ('Bolivia', 'South America', 'boliadm@pdb.com'),
       ('Brazil', 'South America', 'brzadm@pdb.com'),
       ('Brunei', 'Asia', 'brunadm@pdb.com'),
       ('Bhutan', 'Asia', 'bhutadm@pdb.com'),
       ('Botswana', 'Africa', 'botsadm@pdb.com'),
       ('Central African Rep.', 'Africa', 'caradm@pdb.com'),
       ('Canada', 'North America', 'canadm@pdb.com'),
       ('Chile', 'South America', 'chiladm@pdb.com'),
       ('China', 'Asia', 'chinadm@pdb.com'),
       ('Cameroon', 'Africa', 'cameadm@pdb.com'),
       ('Congo', 'Africa', 'congadm@pdb.com'),
       ('Colombia', 'South America', 'colomadm@pdb.com'),
       ('Costa Rica', 'Central America', 'cradm@pdb.com'),
       ('Cuba', 'North America', 'cubadm@pdb.com'),
       ('Cyprus', 'Asia', 'cypadm@pdb.com'),
       ('Czech Rep.', 'Europe', 'czradm@pdb.com'),
       ('Djibouti', 'Africa', 'djibadm@pdb.com'),
       ('Germany', 'Europe', 'germadm@pdb.com'),
       ('Switzerland', 'Europe', 'swiadm@pdb.com'),
       ('Denmark', 'Europe', 'denadm@pdb.com'),
       ('Dominican Rep.', 'North America', 'drepadm@pdb.com'),
       ('Algeria', 'Africa', 'alge@pdb.com'),
       ('Ecuador', 'South America', 'ecuadm@pdb.com'),
       ('Egypt', 'Africa', 'egypadm@pdb.com'),
       ('Eritrea', 'Africa', 'eritadm@pdb.com'),
       ('Spain', 'Europe', 'spaiadm@pdb.com'),
       ('Estonia', 'Europe', 'estoadm@pdb.com'),
       ('Ethiopia', 'Africa', 'ethioadm@pdb.com'),
       ('Finland', 'Europe', 'finadm@pdb.com'),
       ('Fiji', 'Oceania', 'fijiadm@pdb.com'),
       ('Falkland Is.', 'South America', 'falkisadm@pdb.com'),
       ('France', 'Europe', 'fradm@pdb.com'),
       ('Gabon', 'Africa', 'gaboadm@pdb.com'),
       ('United Kingdom', 'Europe', 'ukadm@pdb.com'),
       ('Georgia', 'Asia', 'gergadm@pdb.com'),
       ('Ghana', 'Africa', 'ghanadm@pdb.com'),
       ('Guinea', 'Africa', 'guinadm@pdb.com'),
       ('Gambia', 'Africa', 'gambadm@pdb.com'),
       ('Greece', 'Europe', 'greecadm@pdb.com'),
       ('Greenland', 'North America', 'greenadm@pdb.com'),
       ('Guatemala', 'Central America', 'guatadm@pdb.com'),
       ('Guyana', 'South America', 'guyadm@pdb.com'),
       ('Honduras', 'Central America', 'hondadm@pdb.com'),
       ('Croatia', 'Europe', 'croadm@pdb.com'),
       ('Haiti', 'Central America', 'haitadm@pdb.com'),
       ('Hungary', 'Europe', 'hungadm@pdb.com'),
       ('Indonesia', 'Asia', 'indoadm@pdb.com'),
       ('India', 'Asia', 'indiadm@pdb.com'),
       ('Ireland', 'Europe', 'ireadm@pdb.com'),
       ('Iran', 'Asia', 'iranadm@pdb.com'),
       ('Iraq', 'Asia', 'iraqadm@pdb.com'),
       ('Iceland', 'Europe', 'iceadm@pdb.com'),
       ('Israel', 'Asia', 'isradm@pdb.com'),
       ('Italy', 'Europe', 'italadm@pdb.com'),
       ('Jamaica', 'North America', 'jamadm@pdb.com'),
       ('Jordan', 'Asia', 'jordadm@pdb.com'),
       ('Japan', 'Asia', 'japadm@pdb.com'),
       ('Kazakhstan', 'Asia', 'kazakadm@pdb.com'),
       ('Kenya', 'Africa', 'kenyadm@pdb.com'),
       ('Kyrgyzstan', 'Asia', 'kyrgyadm@pdb.com'),
       ('Cambodia', 'Asia', 'cambadm@pdb.com'),
       ('Korea', 'Asia', 'koradm@pdb.com'),
       ('Kosovo', 'Europe', 'kosoadm@pdb.com'),
       ('Kuwait', 'Asia', 'kuwadm@pdb.com'),
       ('Lao PDR', 'Asia', 'laoadm@pdb.com'),
       ('Lebanon', 'Asia', 'lenadm@pdb.com'),
       ('Liberia', 'Africa', 'libeadm@pdb.com'),
       ('Libya', 'Africa', 'libyadm@pdb.com'),
       ('Sri Lanka', 'Asia', 'sriladm@pdb.com'),
       ('Lesotho', 'Africa', 'lesoadm@pdb.com'),
       ('Lithuania', 'Europe', 'litadm@pdb.com'),
       ('Luxembourg', 'Europe', 'luxemadm@pdb.com'),
       ('Latvia', 'Europe', 'latadm@pdb.com'),
       ('Morocco', 'Africa', 'moroadm@pdb.com'),
       ('Moldova', 'Europe', 'moladm@pdb.com'),
       ('Madagascar', 'Africa', 'madadm@pdb.com'),
       ('Mexico', 'North America', 'mexadm@pdb.com'),
       ('Macedonia', 'Europe', 'maceadm@pdb.com'),
       ('Mali', 'Africa', 'maliadm@pdb.com'),
       ('Myanmar', 'Asia', 'myanadm@pdb.com'),
       ('Montenegro', 'Europe', 'monteadm@pdb.com'),
       ('Mongolia', 'Asia', 'mongoadm@pdb.com'),
       ('Mozambique', 'Africa', 'mozadm@pdb.com'),
       ('Mauritania', 'Africa', 'mauadm@pdb.com'),
       ('Malawi', 'Africa', 'malawiadm@pdb.com'),
       ('Malaysia', 'Asia', 'malayadm@pdb.com'),
       ('Namibia', 'Africa', 'namiadm@pdb.com'),
       ('New Caledonia', 'Oceania', 'necaladm@pdb.com'),
       ('Niger', 'Africa', 'nigeradm@pdb.com'),
       ('Nigeria', 'Africa', 'nigeriadm@pdb.com'),
       ('Nicaragua', 'Central America', 'nicadm@pdb.com'),
       ('Netherlands', 'Europe', 'netheradm@pdb.com'),
       ('Norway', 'Europe', 'noradm@pdb.com'),
       ('Nepal', 'Asia', 'nepadm@pdb.com'),
       ('New Zealand', 'Oceania', 'nzadm@pdb.com'),
       ('Oman', 'Asia', 'omadm@pdb.com'),
       ('Pakistan', 'Asia', 'pakadm@pdb.com'),
       ('Panama', 'Central America', 'panadm@pdb.com'),
       ('Peru', 'South America', 'peruadm@pdb.com'),
       ('Philippines', 'Asia', 'philipadm@pdb.com'),
       ('Poland', 'Europe', 'poladm@pdb.com'),
       ('Puerto Rico', 'North America', 'puriadm@pdb.com'),
       ('Dem. Rep. Korea', 'Asia', 'drkoadm@pdb.com'),
       ('Portugal', 'Europe', 'portadm@pdb.com'),
       ('Paraguay', 'South America', 'paradm@pdb.com'),
       ('Palestine', 'Asia', 'palesadm@pdb.com'),
       ('Qatar', 'Asia', 'qatadm@pdb.com'),
       ('Romania', 'Europe', 'romadm@pdb.com'),
       ('Russia', 'Asia', 'russadm@pdb.com'),
       ('Rwanda', 'Africa', 'rwadm@pdb.com'),
       ('W. Sahara', 'Africa', 'wsadm@pdb.com'),
       ('Saudi Arabia', 'Asia', 'sauaradm@pdb.com'),
       ('Sudan', 'Africa', 'sudadm@pdb.com'),
       ('Senegal', 'Africa', 'seneadm@pdb.com'),
       ('Solomon Is.', 'Oceania', 'soloadm@pdb.com'),
       ('Sierra Leone', 'Africa', 'sieleadm@pdb.com'),
       ('El Salvador', 'Central America', 'elsadm@pdb.com'),
       ('Somaliland', 'Africa', 'somaliladm@pdb.com'),
       ('Somalia', 'Africa', 'somadm@pdb.com'),
       ('Serbia', 'Europe', 'serbiadm@pdb.com'),
       ('Suriname', 'South America', 'suriadm@pdb.com'),
       ('Slovakia', 'Europe', 'slovadm@pdb.com'),
       ('Slovenia', 'Europe', 'solveadm@pdb.com'),
       ('Sweden', 'Europe', 'swedadm@pdb.com'),
       ('Swaziland', 'Africa', 'swaziadm@pdb.com'),
       ('Syria', 'Asia', 'syradm@pdb.com'),
       ('Chad', 'Africa', 'chadadm@pdb.com'),
       ('Togo', 'Africa', 'togoadm@pdb.com'),
       ('Thailand', 'Asia', 'thaiadm@pdb.com'),
       ('Tajikistan', 'Asia', 'tajiadm@pdb.com'),
       ('Turkmenistan', 'Asia', 'turkmeadm@pdb.com'),
       ('Timor-Leste', 'Asia', 'tileadm@pdb.com'),
       ('Trinidad and Tobago', 'North America', 'triatoadm@pdb.com'),
       ('Tunisia', 'Africa', 'tuniadm@pdb.com'),
       ('Turkey', 'Asia', 'turkadm@pdb.com'),
       ('Taiwan', 'Asia', 'taiwadm@pdb.com'),
       ('Tanzania', 'Africa', 'tanzadm@pdb.com'),
       ('Uganda', 'Africa', 'ugadm@pdb.com'),
       ('Ukraine', 'Europe', 'ukradm@pdb.com'),
       ('Uruguay', 'South America', 'uruadm@pdb.com'),
       ('United States', 'North America', 'usadm@pdb.com'),
       ('Uzbekistan', 'Asia', 'uzbeadm@pdb.com'),
       ('Venezuela', 'South America', 'veneadm@pdb.com'),
       ('Vietnam', 'Asia', 'vietadm@pdb.com'),
       ('Vanuatu', 'Oceania', 'vanuadm@pdb.com'),
       ('Yemen', 'Asia', 'yemenadm@pdb.com'),
       ('South Africa', 'Africa', 'soafadm@pdb.com'),
       ('Zambia', 'Africa', 'zambadm@pdb.com'),
       ('Zimbabwe', 'Africa', 'zimbadm@pdb.com');
GO

INSERT INTO PATHOLOGY (Name, Symptoms, Description, Treatment)
VALUES ('Amiloidosis', 'Swelling of the ankles and legs, Intense fatigue and weakness, Difficulty breathing', 'Amyloidosis is a rare disease that occurs when a substance called amyloid accumulates in the organs', 'Autogenous blood stem cell transplant'),
       ('Drepanocitosis', 'Anemia, Swelling of hands and feet, Vision problems', 'Is an inherited disorder of red blood cells in which there are not enough healthy red blood cells to carry oxygen throughout the body', 'Medications and blood transfusions'),
       ('Arthritis', 'Pain, Stiffness, Swelling', 'Joint pain or joint disease', 'Painkillers, Corticosteroids'),
       ('Appendicitis', 'Loss of appetite, Nausea, Pain in your lower right belly or pain near your navel that moves lower', 'Appendicitis is an inflammation of the appendix', 'Surgery to remove your appendix'),
       ('Coronavirus', 'Fever, Dry cough, Tiredness', 'Large family of viruses that cause illness ranging from the common cold to more severe diseases', 'Self care');
GO

INSERT INTO STATE (Name)
VALUES ('Recovered'),
       ('Active'),
       ('Dead');
GO

INSERT INTO HOSPITAL (Name, Phone, ManagerName, Capacity, ICUCapacity, Country, Region, EMail)
VALUES ('Clinica Biblica', 25221000, 'Ale Ibarra', 500, 50, 'Costa Rica', 'San Jose', 'apple@apple.com'),
       ('Mayo Clinic', 48030180, 'Kevin Cordero', 1000, 100, 'United States', 'Minnesota', 'kevin@gmail.com'),
       ('MEDSI', 49593377, 'Jose Sanchez', 5000, 500, 'Russia', 'Moscow', 'josesan@gmail.com'),
       ('Sanno Hospital', 3340231, 'Jesus Sandoval', 100, 10, 'Japan', 'Tokyo', 'jesus@gmail.com'),
       ('Hospital Clinic', 9322754, 'Jose Acuna', 700, 70, 'Spain', 'Barcelona', 'joseacu@gmail.com');
GO

INSERT INTO PROVINCE_STATE_REGION (Name, Country)
VALUES ('Minnesota', 'United States'),
       ('Washington', 'United States'),
       ('California', 'United States'),
       ('Alaska', 'United States'),
       ('Zanzibar Land', 'United States'),
       ('New York', 'United States'),
       ('Moscow', 'Russia'),
       ('Tokyo', 'Japan'),
       ('San Jose', 'Costa Rica'),
       ('Alajuela', 'Costa Rica'),
       ('Heredia', 'Costa Rica'),
       ('Barcelona', 'Spain');
GO

INSERT INTO SANITARY_MEASUREMENTS (Name, Description)
VALUES ('Quarantine', 'Stay at home in isolation'),
       ('Fumigation', 'Kill all unwanted bugs in an area'),
       ('Close Borders', 'Close all the country borders'),
       ('Dry Law', 'Liquor sale is prohibited'),
       ('50% Capacity', 'All stores the stores can only have half of their maximum capacity');
GO

INSERT INTO ENFORCES (Country, Measurement, StartDate, FinalDate)
VALUES ('Costa Rica', 1, '2020-02-15', '2021-02-15'),
       ('Costa Rica', 3, '2020-02-15', '2021-02-15'),
       ('Costa Rica', 5, '2020-02-15', '2021-02-15'),
       ('United States', 1, '2020-03-15', '2020-10-15'),
       ('United States', 5, '2020-03-15', '2020-10-15'),
       ('United States', 1, '2020-03-15', '2020-10-15'),
       ('Russia', 1, '2020-02-15', '2020-12-30'),
       ('Russia', 2, '2020-02-15', '2020-10-15'),
       ('Tokyo', 1, '2020-01-15', '2021-01-15'),
       ('Tokyo', 2, '2020-01-15', '2021-01-15'),
       ('Tokyo', 3, '2020-01-15', '2021-01-15'),
       ('Tokyo', 4, '2020-01-15', '2021-01-15'),
       ('Tokyo', 5, '2020-01-15', '2021-01-15'),
       ('Spain', 1, '2020-02-15', '2021-01-15');
GO

INSERT INTO MEDICATION (Name, Pharmacy)
VALUES ('Acetaminofen', 'Fischel'),
       ('Paracetamol', 'Fischel'),
       ('Aspirina', 'Bayer'),
       ('Panadol', 'Panadol'),
       ('Cloroquina', 'Fybeca');
GO

INSERT INTO PATIENT (Ssn, FirstName, LastName, BirthDate, Hospitalized, ICU, Country, Region, Nationality, Hospital, Sex)
VALUES ('121212', 'Steve', 'Jobs', '1955-02-24', 1, 1, 'United States', 'California', 'United States', 1, 'M'),
       ('212121', 'Bill', 'Gates', '1955-10-28', 1, 0, 'United States', 'washington', 'United States', 1, 'M'),
       ('333333', 'Mark', 'Zuckerberg', '1984-05-14', 1, 0, 'United States', 'New York', 'United States', 1, 'M'),
       ('0001', 'Donald', 'Trump', '1946-06-14', 1, 0, 'United States', 'Washington', 'United States', 2, 'M'),
       ('0002', 'Keanu', 'Reeves', '1964-09-02', 0, 0, 'United States', 'California', 'United States', 2, 'M'),
       ('0003', 'David', 'Snake', '1972-01-12', 1, 0, 'United States', 'Alaska', 'United States', 2, 'M'),
       ('0004', 'Jack', 'Snake', '1935-01-02', 1 , 1, 'United States', 'Zanzibar Land', 'United States', 2, 'M'),
       ('0005', 'Mario', 'Mario', '1985-09-13', 1, 0, 'United States', 'New York', 'United States', 2, 'M'),
       ('0006', 'Luigi', 'Mario', '1985-09-13', 1, 0, 'United States', 'New York', 'United States', 2, 'M'),
       ('117270690', 'Jose', 'Sanchez', '2000-06-24', 1, 1, 'Costa Rica', 'Alajuela', 'Costa Rica', 3, 'M'),
       ('117270691', 'Eithel', 'Sanchez', '1980-06-24', 1, 0, 'Costa Rica', 'Alajuela', 'Costa Rica', 3, 'F'),
       ('117270692', 'Kevin', 'Cordero', '1984-06-24', 0, 0, 'Costa Rica', 'San Jose', 'Nicaragua', 3, 'M'),
       ('117270693', 'Ale', 'Ibarra', '1999-06-24', 0, 0, 'Costa Rica', 'San Jose', 'Costa Rica', 3, 'M'),
       ('117270694', 'Jose Daniel', 'Acuna', '2015-06-24', 1, 1, 'Costa Rica', 'Heredia', 'Costa Rica', 3, 'M'),
       ('117270695', 'Miguel', 'Sanchez', '2006-06-24', 1, 1, 'Nicaragua', 'Alajuela', 'Costa Rica', 3, 'M'),
       ('117270696', 'Jesus', 'Sandoval', '1960-06-24', 1, 0, 'Nicaragua', 'Alajuela', 'Costa Rica', 3, 'M'),
       ('117270697', 'Jess', 'Espinoza', '1998-06-24', 0, 0, 'Nicaragua', 'San Jose', 'Nicaragua' , 3, 'F'),
       ('117270698', 'Don', 'Omar', '1977-06-24', 0, 0, 'Costa Rica', 'San Jose', 'Nicaragua', 3, 'M'),
       ('222211111', 'Jose', 'Sanchez', '2000-06-24', 1, 1, 'Costa Rica', 'Alajuela', 'Costa Rica', 4, 'M'),
       ('222211112', 'Eithel', 'Sanchez', '1980-06-24', 1, 0, 'Costa Rica', 'Alajuela', 'Costa Rica', 4, 'F'),
       ('222211113', 'Kevin', 'Cordero', '1984-06-24', 0, 0, 'Costa Rica', 'San Jose', 'Nicaragua', 4, 'M'),
       ('222211114', 'Ale', 'Ibarra', '1999-06-24', 0, 0, 'Costa Rica', 'San Jose', 'Costa Rica', 4, 'M'),
       ('222211115', 'Jose Daniel', 'Acuna', '2015-06-24', 1, 1, 'Costa Rica', 'Heredia', 'Costa Rica', 4, 'M'),
       ('222211116', 'Miguel', 'Sanchez', '2006-06-24', 1, 1, 'Nicaragua', 'Alajuela', 'Costa Rica', 4, 'M'),
       ('222211117', 'Jesus', 'Sandoval', '1960-06-24', 1, 0, 'Nicaragua', 'Alajuela', 'Costa Rica', 4, 'M'),
       ('222211119', 'Don', 'Omar', '1977-06-24', 0, 0, 'Costa Rica', 'San Jose', 'Nicaragua', 4, 'M'),
       ('999999911', 'Jose', 'Sanchez', '2000-06-24', 1, 1, 'Costa Rica', 'Alajuela', 'Costa Rica', 5, 'M'),
       ('999999921', 'Eithel', 'Sanchez', '1980-06-24', 1, 0, 'Costa Rica', 'Alajuela', 'Costa Rica', 5, 'F'),
       ('999999931', 'Kevin', 'Cordero', '1984-06-24', 0, 0, 'Costa Rica', 'San Jose', 'Nicaragua', 5, 'M'),
       ('999999941', 'Ale', 'Ibarra', '1999-06-24', 0, 0, 'Costa Rica', 'San Jose', 'Costa Rica', 5, 'M'),
       ('999999951', 'Jose Daniel', 'Acuna', '2015-06-24', 1, 1, 'Costa Rica', 'Heredia', 'Costa Rica', 5, 'M'),
       ('999999961', 'Miguel', 'Sanchez', '2006-06-24', 1, 1, 'Nicaragua', 'Alajuela', 'Costa Rica', 5, 'M'),
       ('999999971', 'Jesus', 'Sandoval', '1960-06-24', 1, 0, 'Nicaragua', 'Alajuela', 'Costa Rica', 5, 'M'),
       ('999999981', 'Jess', 'Espinoza', '1998-06-24', 0, 0, 'Nicaragua', 'San Jose', 'Nicaragua' , 5, 'F'),
       ('999999991', 'Don', 'Omar', '1977-06-24', 0, 0, 'Costa Rica', 'San Jose', 'Nicaragua', 5, 'M');
GO

INSERT INTO PATIENT_STATE (State, Patient, Date)
VALUES (1, '999999961', '2020-6-25'),
       (1, '999999911', '2020-6-26'),
       (1, '999999921', '2020-6-27'),
       (1, '999999931', '2020-6-23'),
       (1, '999999941', '2020-6-25'),
       (1, '999999951', '2020-6-26'),
       (1, '999999971', '2020-6-27'),
       (1, '999999981', '2020-6-25'),
       (1, '999999991', '2020-6-26'),
       (2, '999999961', '2020-6-25'),
       (2, '999999911', '2020-6-27'),
       (2, '999999921', '2020-6-26'),
       (2, '999999931', '2020-6-25'),
       (3, '999999941', '2020-6-23'),
       (3, '999999951', '2020-6-26'),
       (3, '999999971', '2020-6-27'),
       (3, '999999981', '2020-6-25'),
       (3, '999999991', '2020-6-26');
GO